Sub-Category,total_sales,total_profit,avg_discount,Margin_percent
Tables,757041.92439999932,-64083.388699999974,0.29073170731707304,-8.4649722339736826
Fasteners,83242.315900000016,11525.424100000009,0.14059504132231432,13.845631245826507
Labels,73404.0299999999,15010.511999999968,0.12044896392939347,20.449166074396718
Supplies,243074.22060000015,22583.263100000004,0.12791752577319571,9.2906862127361247
Envelopes,170904.30160000004,29601.116300000023,0.1317494866529775,17.320287449101876