CUSTOMER_SEGMENT,total_customers,total_segment_revenue,avg_revenue_per_customer
LOYAL CUSTOMER,786,10915356.90262,13887.222522417287
REGULAR CUSTOMERS,488,1299499.8342600008,2662.9094964344245
OCCASIONAL CUSTOMERS,306,424479.59399999987,1387.188215686275
ONE TIME CUSTOMERS,10,3165.5789999999997,316.55789999999996