CUSTOMER_SEGMENT,total_customers,total_segment_revenue,avg_revenue_per_customer,margin_percent
LOYAL CUSTOMER,786,10915356.90262,13887.222522417287,11.96
OCCASIONAL CUSTOMERS,306,424479.59399999987,1387.188215686275,10.0
REGULAR CUSTOMERS,488,1299499.8342600008,2662.9094964344245,9.23
ONE TIME CUSTOMERS,10,3165.5789999999997,316.55789999999996,-24.95