discount_bracket,order_count,total_sales,total_profit,margin_pct
No Discount,29009,6992410.9500000747,1770695.2731999976,25.32
Low (0-20%),10953,3719880.1807799879,511444.10477999953,13.75
Medium (20-50%),7156,1558586.1175599953,-402100.42894000054,-25.8
High (>50%),4172,371624.66153999924,-412581.65776,-111.02