Ship Mode,avg_delivery_days,total_profit,margin_pct
Standard Class,5.0,890596.02119999065,11.75
Same Day,0.0,76173.067800000063,11.42
Second Class,3.2,292583.52707999974,11.4
First Class,2.2,208104.67520000052,11.37