market,region,discount_group,order_count,total_sales,total_profit,margin_pct
APAC,Southeast Asia,No Discount,362,119124.48000000008,29659.56,24.9
APAC,Southeast Asia,Low (0-20%),968,391477.44569999957,50559.785700000029,12.92
APAC,Southeast Asia,High (>20%),1799,373821.24329999991,-62367.016700000044,-16.68
LATAM,South,No Discount,1702,365718.50000000012,88661.300000000119,24.24
LATAM,South,Low (0-20%),160,105266.01627999995,16073.696280000006,15.27
LATAM,South,High (>20%),1126,146239.16160000025,-76644.478400000022,-52.41